{
  "model_path": "models/final_agent.pth",
  "num_episodes": 100,
  "timestamp": "2025-11-17T11:59:56.089634",
  "overall_performance": {
    "mean_reward": 2099.909,
    "std_reward": 820.5589241602336,
    "median_reward": 2192.0,
    "min_reward": 535.1,
    "max_reward": 3285.5,
    "mean_episode_length": 43.31
  },
  "action_distribution": {
    "1": 1619,
    "4": 132,
    "3": 2083,
    "0": 4,
    "2": 493,
    "5": 0
  },
  "attack_type_performance": {
    "ddos": {
      "mean": 2843.8900000000003,
      "std": 113.6095282095653,
      "count": 10
    },
    "xss": {
      "mean": 1159.5,
      "std": 77.74871060024081,
      "count": 10
    },
    "sql_injection": {
      "mean": 2557.30625,
      "std": 116.8296648370503,
      "count": 16
    },
    "malware": {
      "mean": 1524.3999999999996,
      "std": 38.39448745154264,
      "count": 12
    },
    "command_injection": {
      "mean": 2176.06875,
      "std": 57.39270117739277,
      "count": 16
    },
    "ssh_bruteforce": {
      "mean": 3141.8769230769226,
      "std": 137.79226925867653,
      "count": 13
    },
    "zero_day": {
      "mean": 550.1875,
      "std": 11.358305056213268,
      "count": 8
    },
    "directory_traversal": {
      "mean": 1231.125,
      "std": 16.213246898755266,
      "count": 8
    },
    "port_scan": {
      "mean": 2976.471428571429,
      "std": 97.0739734765742,
      "count": 7
    }
  }
}