{
  "model_path": "models/final_agent.pth",
  "num_episodes": 100,
  "timestamp": "2025-12-09T19:10:45.678168",
  "overall_performance": {
    "mean_reward": 1558.4240000000002,
    "std_reward": 671.999513856967,
    "median_reward": 1312.5,
    "min_reward": 513.8000000000001,
    "max_reward": 3061.7000000000003,
    "mean_episode_length": 39.9
  },
  "action_distribution": {
    "3": 2161,
    "4": 391,
    "2": 280,
    "1": 1129,
    "5": 26,
    "0": 3
  },
  "attack_type_performance": {
    "xss": {
      "mean": 1064.0833333333333,
      "std": 31.853776158495815,
      "count": 12
    },
    "sql_injection": {
      "mean": 2857.8000000000006,
      "std": 125.54674207021252,
      "count": 9
    },
    "port_scan": {
      "mean": 1998.4444444444443,
      "std": 115.98901395401494,
      "count": 9
    },
    "malware": {
      "mean": 1185.5307692307692,
      "std": 79.4687009952335,
      "count": 13
    },
    "zero_day": {
      "mean": 547.0642857142858,
      "std": 14.577752479272611,
      "count": 14
    },
    "ssh_bruteforce": {
      "mean": 1943.6727272727273,
      "std": 166.69769639521445,
      "count": 11
    },
    "ddos": {
      "mean": 2051.54,
      "std": 161.62077960460405,
      "count": 10
    },
    "command_injection": {
      "mean": 2038.2100000000003,
      "std": 57.5589862662643,
      "count": 10
    },
    "directory_traversal": {
      "mean": 1168.2083333333333,
      "std": 23.797004655114833,
      "count": 12
    }
  }
}