{
  "model_path": "models/final_agent.pth",
  "num_episodes": 100,
  "timestamp": "2025-12-09T19:11:35.288639",
  "overall_performance": {
    "mean_reward": 1718.782,
    "std_reward": 656.5125091542429,
    "median_reward": 1911.45,
    "min_reward": 526.3000000000001,
    "max_reward": 3033.9,
    "mean_episode_length": 40.74
  },
  "action_distribution": {
    "2": 369,
    "3": 2069,
    "1": 1278,
    "4": 333,
    "5": 23,
    "0": 2
  },
  "attack_type_performance": {
    "command_injection": {
      "mean": 2091.49375,
      "std": 79.90778645374617,
      "count": 16
    },
    "port_scan": {
      "mean": 1954.9545454545457,
      "std": 132.27496405481455,
      "count": 11
    },
    "malware": {
      "mean": 1245.0538461538463,
      "std": 84.52339335159613,
      "count": 13
    },
    "sql_injection": {
      "mean": 2821.44,
      "std": 135.61389456836633,
      "count": 10
    },
    "ddos": {
      "mean": 2060.988235294117,
      "std": 210.73423430627147,
      "count": 17
    },
    "ssh_bruteforce": {
      "mean": 2205.3999999999996,
      "std": 198.2640327105918,
      "count": 6
    },
    "xss": {
      "mean": 1079.2363636363634,
      "std": 29.825043556388927,
      "count": 11
    },
    "directory_traversal": {
      "mean": 1152.8833333333334,
      "std": 41.00188681295321,
      "count": 6
    },
    "zero_day": {
      "mean": 545.1600000000001,
      "std": 7.132489046609189,
      "count": 10
    }
  }
}