{
  "model_path": "models/best_agent.pth",
  "num_episodes": 100,
  "timestamp": "2025-12-09T19:12:51.399182",
  "overall_performance": {
    "mean_reward": 1354.396,
    "std_reward": 500.262458499536,
    "median_reward": 1236.3000000000002,
    "min_reward": 546.0000000000001,
    "max_reward": 2347.0,
    "mean_episode_length": 35.86
  },
  "action_distribution": {
    "3": 1344,
    "4": 746,
    "1": 954,
    "2": 499,
    "5": 38,
    "0": 5
  },
  "attack_type_performance": {
    "sql_injection": {
      "mean": 1425.1899999999998,
      "std": 269.56719551903933,
      "count": 10
    },
    "command_injection": {
      "mean": 1827.3307692307692,
      "std": 62.08063471889267,
      "count": 13
    },
    "directory_traversal": {
      "mean": 1098.3461538461538,
      "std": 26.191795996357175,
      "count": 13
    },
    "ddos": {
      "mean": 1881.622222222222,
      "std": 139.6310756384503,
      "count": 9
    },
    "malware": {
      "mean": 793.1111111111112,
      "std": 25.78685903256603,
      "count": 18
    },
    "xss": {
      "mean": 954.8727272727272,
      "std": 68.99213513686757,
      "count": 11
    },
    "ssh_bruteforce": {
      "mean": 2152.1400000000003,
      "std": 102.99498240205683,
      "count": 10
    },
    "zero_day": {
      "mean": 556.08,
      "std": 9.273057748121674,
      "count": 5
    },
    "port_scan": {
      "mean": 1557.9909090909089,
      "std": 116.56488988421425,
      "count": 11
    }
  }
}