{
  "episode_rewards": [
    2342.0000000000005,
    878.5,
    3389.5,
    3523.4,
    2124.0,
    4819.200000000001,
    4047.3,
    5484.800000000001,
    2675.0000000000005,
    3233.2,
    3369.7000000000003,
    1988.2,
    2748.8,
    4246.8,
    3131.5,
    3185.8,
    3246.6,
    2920.7999999999997,
    2837.2,
    4475.499999999999
  ],
  "episode_losses": [
    64.1038754272461,
    66.36429700664445,
    65.9685195760524,
    63.8262148357573,
    59.46823734348103,
    52.67649275681068,
    61.98596682790983,
    70.41148471832275,
    70.94808094675948,
    70.6956169128418,
    67.05218325163189,
    65.58040814283417,
    65.75581499995018,
    68.81537509494358,
    66.0083317389855,
    65.15777015686035,
    63.311121139526364,
    64.57913459431042,
    64.04697267214458
  ],
  "episode_lengths": [
    50,
    38,
    51,
    47,
    42,
    59,
    58,
    59,
    44,
    41,
    40,
    38,
    41,
    49,
    45,
    52,
    44,
    50,
    44,
    48
  ],
  "stealth_history": [
    1.0,
    1.0,
    1.0,
    1.0,
    1.0,
    1.0,
    1.0,
    1.0,
    1.0,
    1.0,
    1.0,
    1.0,
    1.0,
    1.0,
    1.0,
    1.0,
    1.0,
    1.0,
    1.0,
    1.0
  ],
  "strict_success_count": 0,
  "overall_success_rate": 0.0,
  "best_success_rate": 0.0,
  "attack_type_performance": {
    "port_scan": {
      "avg": 4433.25,
      "std": 385.9500000000003
    },
    "sql_injection": {
      "avg": 2342.0000000000005,
      "std": 0.0
    },
    "xss": {
      "avg": 2328.366666666667,
      "std": 1030.9029257026202
    },
    "ddos": {
      "avg": 3923.557142857143,
      "std": 794.3943872214733
    },
    "malware": {
      "avg": 3032.25,
      "std": 357.2499999999998
    },
    "directory_traversal": {
      "avg": 3246.6,
      "std": 0.0
    },
    "command_injection": {
      "avg": 2124.0,
      "std": 0.0
    },
    "zero_day": {
      "avg": 2524.733333333333,
      "std": 381.09898393403716
    }
  },
  "final_action_stats": {
    "action_counts": [
      126.0,
      203.0,
      149.0,
      204.0,
      132.0,
      126.0
    ],
    "action_percentages": [
      13.404255319148936,
      21.595744680851066,
      15.851063829787234,
      21.70212765957447,
      14.042553191489363,
      13.404255319148936
    ],
    "action_avg_rewards": {
      "0": 80.01269841269843,
      "1": 65.58275862068965,
      "2": 76.96912751677853,
      "3": 84.04313725490198,
      "4": 73.99469696969696,
      "5": 22.95555555555556
    },
    "entropy": 1.7689243578079328,
    "max_entropy": 1.791759469228055,
    "diversity_percent": 98.7255481657948
  },
  "total_episodes": 20,
  "final_epsilon": 0.15
}